user_input,output,flag,username,timestamp
where can i get a house,"There are several ways to find a house:

1. Real estate websites: There are many websites available that list properties for sale. Some of the more popular websites include Zillow, Realtor.com, and Redfin.

2. Real estate agents: You can work with a local real estate agent who can help you find a property that meets your needs and budget. They have access to the Multiple Listing Service (MLS) which is a database of all the properties for sale in the local area.

3. For Sale By Owner (FSBO) properties: Some homeowners may choose to sell their property without the assistance of a real estate agent. You can find these properties by searching on websites like FSBO.com or Craigslist.

4. Auctions: You can buy a house at an auction, either in person or online. However, be aware that the process can be competitive and requires careful research and preparation.

5. Direct mail campaigns: Some investors or wholesalers send mail to homeowners with a distressed property that they are interested in selling.

Ultimately, the best way to find a house depends on your specific goals and preferences. It is recommended to work with a professional to help guide you through the process and ensure that you make a sound investment.",,,2023-04-15 18:17:28.318630
